{
    "scale_x": -0.5586592178770949,
    "scale_y": 0.9900990099009901,
    "base_px_x": 314.0,
    "base_px_y": 6.5
}